[{"id":12637938,"title":"Blog Template","order":1,"templateKey":"blog","customTemplate":false,"customTemplateFilename":null,"pageLinks":[],"dateCreated":"2024-11-30T10:11:45.947Z","dateUpdated":"2024-11-30T10:11:58.573Z","folderId":null,"pageName":"Blog Template","sectionCount":1,"status":2},{"id":1618815441,"title":"Post Template","order":2,"templateKey":"post","customTemplate":false,"customTemplateFilename":null,"pageLinks":[],"dateCreated":"2024-11-30T10:11:46.343Z","dateUpdated":"2024-11-30T10:11:58.573Z","folderId":null,"pageName":"Post Template","sectionCount":1,"status":2},{"id":601121179,"title":"Product List Template","order":3,"templateKey":"products","customTemplate":false,"customTemplateFilename":null,"pageLinks":[],"dateCreated":"2024-11-30T10:11:46.715Z","dateUpdated":"2024-11-30T10:11:58.573Z","folderId":null,"pageName":"Product List Template","sectionCount":1,"status":2},{"id":91638681,"title":"Product Details Template","order":4,"templateKey":"product","customTemplate":false,"customTemplateFilename":null,"pageLinks":[],"dateCreated":"2024-11-30T10:11:47.093Z","dateUpdated":"2024-11-30T10:11:58.574Z","folderId":null,"pageName":"Product Details Template","sectionCount":1,"status":2},{"id":73589388,"title":"Shopping Cart Template","order":5,"templateKey":"cart","customTemplate":false,"customTemplateFilename":null,"pageLinks":[],"dateCreated":"2024-11-30T10:11:47.521Z","dateUpdated":"2024-11-30T10:11:58.574Z","folderId":null,"pageName":"Shopping Cart Template","sectionCount":1,"status":2},{"id":72700541,"title":"Login Template","order":7,"templateKey":"login","customTemplate":false,"customTemplateFilename":null,"pageLinks":[],"dateCreated":"2024-11-30T10:11:48.095Z","dateUpdated":"2024-11-30T10:11:58.574Z","folderId":null,"pageName":"Login Template","sectionCount":1,"status":2},{"id":287985316,"title":"Search Template","order":8,"templateKey":"Search","customTemplate":false,"customTemplateFilename":null,"pageLinks":[],"dateCreated":"2024-11-30T10:11:48.273Z","dateUpdated":"2024-11-30T10:11:58.574Z","folderId":null,"pageName":"Search Template","sectionCount":1,"status":2},{"id":127786959,"title":"Password Template","order":9,"templateKey":"password","customTemplate":false,"customTemplateFilename":null,"pageLinks":[],"dateCreated":"2024-11-30T10:11:48.483Z","dateUpdated":"2024-11-30T10:11:58.575Z","folderId":null,"pageName":"Password Template","sectionCount":1,"status":2},{"id":241037462,"title":"404 Not Found Template","order":10,"templateKey":"404","customTemplate":false,"customTemplateFilename":null,"pageLinks":[],"dateCreated":"2024-11-30T10:11:48.653Z","dateUpdated":"2024-11-30T10:11:58.575Z","folderId":null,"pageName":"404 Not Found Template","sectionCount":1,"status":2},{"id":153322965,"title":"Thank You Template","order":11,"templateKey":"ThankYou","customTemplate":false,"customTemplateFilename":null,"pageLinks":[],"dateCreated":"2024-11-30T10:11:48.822Z","dateUpdated":"2024-11-30T10:11:58.575Z","folderId":null,"pageName":"Thank You Template","sectionCount":1,"status":2},{"id":90077700,"title":"Contact","order":101,"templateKey":null,"customTemplate":false,"customTemplateFilename":null,"pageLinks":[],"dateCreated":"2024-11-30T10:11:49.599Z","dateUpdated":"2024-11-30T10:49:16.066Z","folderId":null,"pageName":"Contact_90077700","sectionCount":1,"status":2},{"id":1892408107,"title":"Home","order":102,"templateKey":null,"customTemplate":false,"customTemplateFilename":null,"pageLinks":[],"dateCreated":"2024-11-30T10:26:58.273Z","dateUpdated":"2024-11-30T11:07:38.230Z","folderId":null,"pageName":"Home_1892408107","sectionCount":9,"status":2},{"id":64660942,"title":"About","order":103,"templateKey":null,"customTemplate":false,"customTemplateFilename":null,"pageLinks":[],"dateCreated":"2024-11-30T10:58:34.656Z","dateUpdated":"2024-11-30T12:16:42.642Z","folderId":null,"pageName":"About_64660942","sectionCount":4,"status":2}]